annoaccademico,immatricolabile,corso_codice,corso_descrizione,url,campus,sededidattica,ambiti,tipologia,durata,internazionale,internazionale_titolo,internazionale_lingua,lingue,accesso
2019/2020,False,0033,Economia e amministrazione delle imprese,http://www.unibo.it/it/didattica/corsi-di-studio/corso/2019/0033,Rimini,,Economia e management,Laurea,3,False,,,,libero
2019/2020,False,0034,Economia e management,http://www.unibo.it/it/didattica/corsi-di-studio/corso/2019/0034,Rimini,,Economia e management,Laurea,3,False,,,,libero
2019/2020,False,0659,Giurisprudenza,http://www.unibo.it/it/didattica/corsi-di-studio/corso/2019/0659,Bologna,Bologna,Giurisprudenza,Laurea Magistrale a ciclo unico,5,False,,,Italiano,libero accesso con verifica delle conoscenze
2019/2020,False,0660,Giurisprudenza,http://www.unibo.it/it/didattica/corsi-di-studio/corso/2019/0660,Ravenna,Ravenna,Giurisprudenza,Laurea Magistrale a ciclo unico,5,False,,,Italiano,libero accesso con verifica delle conoscenze
2019/2020,True,0881,Architettura,http://www.unibo.it/it/didattica/corsi-di-studio/corso/2019/0881,Cesena,Cesena,Ingegneria e architettura,Laurea Magistrale a ciclo unico,5,False,,,Italiano,numero chiuso
2019/2020,True,0884,Chimica industriale,http://www.unibo.it/it/didattica/corsi-di-studio/corso/2019/0884,Bologna,Bologna,Scienze,Laurea Magistrale,2,True,Titolo multiplo (solo alcuni curricula),,Italiano,libero accesso con verifica dell'adeguatezza della preparazione
2019/2020,False,0894,Economia e gestione delle imprese,http://www.unibo.it/it/didattica/corsi-di-studio/corso/2019/0894,Bologna,,Economia e management,Laurea,3,False,,,Italiano,numero chiuso
2019/2020,True,0897,Direzione aziendale,http://www.unibo.it/it/didattica/corsi-di-studio/corso/2019/0897,Bologna,Bologna,Economia e management,Laurea Magistrale,2,True,,Erogato in lingua straniera (solo alcuni curricula),Italiano Inglese,numero chiuso
2019/2020,True,0900,Economia e professione,http://www.unibo.it/it/didattica/corsi-di-studio/corso/2019/0900,Bologna,Bologna,Economia e management,Laurea Magistrale,2,False,,,Italiano,numero chiuso
2019/2020,True,0901,"Finanza, intermediari e mercati",http://www.unibo.it/it/didattica/corsi-di-studio/corso/2019/0901,Bologna,Bologna,Economia e management,Laurea Magistrale,2,False,,,Italiano,numero chiuso
2019/2020,True,0902,Innovation and organization of culture and the arts,http://www.unibo.it/it/didattica/corsi-di-studio/corso/2019/0902,Bologna,Bologna,Economia e management,Laurea Magistrale,2,True,Titolo multiplo,Erogato in lingua straniera,Inglese,numero chiuso
2019/2020,True,0905,Economia e commercio,http://www.unibo.it/it/didattica/corsi-di-studio/corso/2019/0905,Forlì,Forlì,Economia e management,Laurea Magistrale,2,True,Titolo multiplo,,Italiano,libero accesso con verifica dell'adeguatezza della preparazione
2019/2020,False,0923,Ingegneria elettronica e telecomunicazioni,http://www.unibo.it/it/didattica/corsi-di-studio/corso/2019/0923,Bologna,Bologna,Ingegneria e architettura,Laurea,3,False,,,Italiano,numero chiuso
2019/2020,True,0924,Ingegneria energetica,http://www.unibo.it/it/didattica/corsi-di-studio/corso/2019/0924,Bologna,Bologna,Ingegneria e architettura,Laurea,3,False,,,Italiano,numero chiuso
2019/2020,True,0925,Ingegneria gestionale,http://www.unibo.it/it/didattica/corsi-di-studio/corso/2019/0925,Bologna,Bologna,Ingegneria e architettura,Laurea,3,False,,,Italiano,numero chiuso
2019/2020,False,0926,Ingegneria informatica,http://www.unibo.it/it/didattica/corsi-di-studio/corso/2019/0926,Bologna,Bologna,Ingegneria e architettura,Laurea,3,False,,,Italiano,numero chiuso
2019/2020,True,0927,Ingegneria meccanica,http://www.unibo.it/it/didattica/corsi-di-studio/corso/2019/0927,Bologna,Bologna,Ingegneria e architettura,Laurea,3,False,,,Italiano,numero chiuso
2019/2020,True,0930,Ingegneria civile,http://www.unibo.it/it/didattica/corsi-di-studio/corso/2019/0930,Bologna,Bologna,Ingegneria e architettura,Laurea Magistrale,2,False,,,Italiano,libero accesso con verifica dell'adeguatezza della preparazione
2019/2020,True,0934,Ingegneria elettronica,http://www.unibo.it/it/didattica/corsi-di-studio/corso/2019/0934,Bologna,Bologna,Ingegneria e architettura,Laurea Magistrale,2,True,,Erogato in lingua straniera (solo alcuni curricula),Italiano Inglese,libero accesso con verifica dell'adeguatezza della preparazione
2019/2020,True,0935,Ingegneria energetica,http://www.unibo.it/it/didattica/corsi-di-studio/corso/2019/0935,Bologna,Bologna,Ingegneria e architettura,Laurea Magistrale,2,False,,,Italiano,libero accesso con verifica dell'adeguatezza della preparazione
2019/2020,True,0936,Ingegneria gestionale,http://www.unibo.it/it/didattica/corsi-di-studio/corso/2019/0936,Bologna,Bologna,Ingegneria e architettura,Laurea Magistrale,2,False,,,Italiano,libero accesso con verifica dell'adeguatezza della preparazione
2019/2020,True,0937,Ingegneria informatica,http://www.unibo.it/it/didattica/corsi-di-studio/corso/2019/0937,Bologna,Bologna,Ingegneria e architettura,Laurea Magistrale,2,False,,,Italiano,libero accesso con verifica dell'adeguatezza della preparazione
2019/2020,True,0938,Ingegneria meccanica,http://www.unibo.it/it/didattica/corsi-di-studio/corso/2019/0938,Bologna,Bologna,Ingegneria e architettura,Laurea Magistrale,2,False,,,Italiano,libero accesso con verifica dell'adeguatezza della preparazione
2019/2020,True,0940,Ingegneria edile - architettura,http://www.unibo.it/it/didattica/corsi-di-studio/corso/2019/0940,Bologna,Bologna,Ingegneria e architettura,Laurea Magistrale a ciclo unico,5,False,,,Italiano,numero chiuso
2019/2020,False,0946,Ingegneria biomedica,http://www.unibo.it/it/didattica/corsi-di-studio/corso/2019/0946,Cesena,Cesena,Ingegneria e architettura,Laurea,3,False,,,Italiano,numero chiuso
2019/2020,True,0949,Ingegneria meccanica,http://www.unibo.it/it/didattica/corsi-di-studio/corso/2019/0949,Forlì,Forlì,Ingegneria e architettura,Laurea,3,False,,,Italiano,numero chiuso
2019/2020,True,0956,"Dams - discipline delle arti, della musica e dello spettacolo",http://www.unibo.it/it/didattica/corsi-di-studio/corso/2019/0956,Bologna,Bologna,Studi umanistici,Laurea,3,False,,,Italiano,numero chiuso
2019/2020,True,0962,Storia,http://www.unibo.it/it/didattica/corsi-di-studio/corso/2019/0962,Bologna,Bologna,Studi umanistici,Laurea,3,True,Titolo multiplo,,Italiano,libero accesso con verifica delle conoscenze
2019/2020,True,0964,Antropologia culturale ed etnologia,http://www.unibo.it/it/didattica/corsi-di-studio/corso/2019/0964,Bologna,Bologna,Studi umanistici,Laurea Magistrale,2,False,,,Italiano,libero accesso con verifica dell'adeguatezza della preparazione
2019/2020,True,0966,"Cinema, televisione e produzione multimediale",http://www.unibo.it/it/didattica/corsi-di-studio/corso/2019/0966,Bologna,Bologna,Studi umanistici,Laurea Magistrale,2,False,,,Italiano,libero accesso con verifica dell'adeguatezza della preparazione
2019/2020,False,0970,"Filologia, letteratura e tradizione classica",http://www.unibo.it/it/didattica/corsi-di-studio/corso/2019/0970,Bologna,Bologna,Studi umanistici,Laurea Magistrale,2,False,,,Italiano,libero accesso con verifica dell'adeguatezza della preparazione
2019/2020,True,0971,Geografia e processi territoriali,http://www.unibo.it/it/didattica/corsi-di-studio/corso/2019/0971,Bologna,Bologna,Studi umanistici,Laurea Magistrale,2,False,,,Italiano,libero accesso con verifica dell'adeguatezza della preparazione
2019/2020,False,0977,Arti visive,http://www.unibo.it/it/didattica/corsi-di-studio/corso/2019/0977,Bologna,Bologna,Studi umanistici,Laurea Magistrale,2,False,,,Italiano,libero accesso con verifica dell'adeguatezza della preparazione
2019/2020,True,0979,Lingue e letterature straniere,http://www.unibo.it/it/didattica/corsi-di-studio/corso/2019/0979,Bologna,Bologna,"Lingue e Letterature, Traduzione e Interpretazione",Laurea,3,False,,,Italiano,numero chiuso
2019/2020,True,0980,"Lingue, mercati e culture dell'Asia",http://www.unibo.it/it/didattica/corsi-di-studio/corso/2019/0980,Bologna,Bologna,"Lingue e Letterature, Traduzione e Interpretazione",Laurea,3,False,,,Italiano,numero chiuso
2019/2020,True,0981,"Letterature moderne, comparate e postcoloniali",http://www.unibo.it/it/didattica/corsi-di-studio/corso/2019/0981,Bologna,Bologna,"Lingue e Letterature, Traduzione e Interpretazione",Laurea Magistrale,2,True,Titolo multiplo,,Italiano,prova di verifica selettiva con bando
2019/2020,True,0983,Lingua e cultura italiane per stranieri,http://www.unibo.it/it/didattica/corsi-di-studio/corso/2019/0983,Bologna,Bologna,"Lingue e Letterature, Traduzione e Interpretazione",Laurea Magistrale,2,False,,,Italiano,prova di verifica selettiva con bando
2019/2020,True,0989,Neuroscienze e riabilitazione neuropsicologica,http://www.unibo.it/it/didattica/corsi-di-studio/corso/2019/0989,Cesena,Cesena,Psicologia,Laurea Magistrale,2,False,,,Italiano,libero accesso con verifica dell'adeguatezza della preparazione
2019/2020,True,0990,Psicologia clinica,http://www.unibo.it/it/didattica/corsi-di-studio/corso/2019/0990,Cesena,Cesena,Psicologia,Laurea Magistrale,2,True,Titolo multiplo,,Italiano,libero accesso con verifica dell'adeguatezza della preparazione
2019/2020,True,0991,Psicologia cognitiva applicata,http://www.unibo.it/it/didattica/corsi-di-studio/corso/2019/0991,Cesena,Bologna,Psicologia,Laurea Magistrale,2,False,,,Italiano,libero accesso con verifica dell'adeguatezza della preparazione
2019/2020,True,0993,Psicologia scolastica e di comunità,http://www.unibo.it/it/didattica/corsi-di-studio/corso/2019/0993,Cesena,Cesena,Psicologia,Laurea Magistrale,2,True,Titolo multiplo,,Italiano,libero accesso con verifica dell'adeguatezza della preparazione
2019/2020,True,8004,Astronomia,http://www.unibo.it/it/didattica/corsi-di-studio/corso/2019/8004,Bologna,Bologna,Scienze,Laurea,3,False,,,Italiano,numero chiuso
2019/2020,True,8005,Biotecnologie,http://www.unibo.it/it/didattica/corsi-di-studio/corso/2019/8005,Bologna,Bologna,Farmacia e biotecnologie,Laurea,3,False,,,Italiano,numero chiuso
2019/2020,True,8006,Chimica e chimica dei materiali,http://www.unibo.it/it/didattica/corsi-di-studio/corso/2019/8006,Bologna,Bologna,Scienze,Laurea,3,False,,,Italiano,numero chiuso
2019/2020,False,8007,Fisica,http://www.unibo.it/it/didattica/corsi-di-studio/corso/2019/8007,Bologna,Bologna,Scienze,Laurea,3,False,,,Italiano,numero chiuso
2019/2020,True,8009,Informatica,http://www.unibo.it/it/didattica/corsi-di-studio/corso/2019/8009,Bologna,Bologna,Scienze,Laurea,3,False,,,Italiano,numero chiuso
2019/2020,True,8010,Matematica,http://www.unibo.it/it/didattica/corsi-di-studio/corso/2019/8010,Bologna,Bologna,Scienze,Laurea,3,False,,,Italiano,numero chiuso
2019/2020,True,8011,Scienze ambientali,http://www.unibo.it/it/didattica/corsi-di-studio/corso/2019/8011,Ravenna,Ravenna,Scienze,Laurea,3,False,,,Italiano,libero accesso con verifica delle conoscenze
2019/2020,True,8012,Scienze biologiche,http://www.unibo.it/it/didattica/corsi-di-studio/corso/2019/8012,Bologna,Bologna,Scienze,Laurea,3,False,,,Italiano,numero chiuso
2019/2020,True,8014,Informatica per il management,http://www.unibo.it/it/didattica/corsi-di-studio/corso/2019/8014,Bologna,Bologna,Scienze,Laurea,3,False,,,Italiano,numero chiuso
2019/2020,True,8015,Scienze geologiche,http://www.unibo.it/it/didattica/corsi-di-studio/corso/2019/8015,Bologna,Bologna,Scienze,Laurea,3,False,,,Italiano,libero accesso con verifica delle conoscenze
2019/2020,True,8016,Scienze naturali,http://www.unibo.it/it/didattica/corsi-di-studio/corso/2019/8016,Bologna,Bologna,Scienze,Laurea,3,False,,,Italiano,numero chiuso
2019/2020,True,8018,Astrofisica e cosmologia,http://www.unibo.it/it/didattica/corsi-di-studio/corso/2019/8018,Bologna,Bologna,Scienze,Laurea Magistrale,2,False,,,Italiano,libero accesso con verifica dell'adeguatezza della preparazione
2019/2020,True,8020,Bioinformatics,http://www.unibo.it/it/didattica/corsi-di-studio/corso/2019/8020,Bologna,Bologna,Farmacia e biotecnologie,Laurea Magistrale,2,True,Titolo multiplo,Erogato in lingua straniera,Inglese,libero accesso con verifica dell'adeguatezza della preparazione
2019/2020,True,8021,Biologia molecolare e cellulare,http://www.unibo.it/it/didattica/corsi-di-studio/corso/2019/8021,Bologna,Bologna,Farmacia e biotecnologie,Laurea Magistrale,2,False,,,Italiano,libero accesso con verifica dell'adeguatezza della preparazione
2019/2020,False,8026,Fotochimica e materiali molecolari,http://www.unibo.it/it/didattica/corsi-di-studio/corso/2019/8026,Bologna,Bologna,Scienze,Laurea Magistrale,2,False,,,Italiano,libero accesso con verifica dell'adeguatezza della preparazione
2019/2020,False,8027,Geologia e territorio,http://www.unibo.it/it/didattica/corsi-di-studio/corso/2019/8027,Bologna,Bologna,Scienze,Laurea Magistrale,2,False,,,Italiano,libero accesso con verifica dell'adeguatezza della preparazione
2019/2020,True,8028,Informatica,http://www.unibo.it/it/didattica/corsi-di-studio/corso/2019/8028,Bologna,Bologna,Scienze,Laurea Magistrale,2,True,Titolo multiplo,,Italiano,libero accesso con verifica dell'adeguatezza della preparazione
2019/2020,False,8037,Scienze e tecniche dell'attività sportiva,http://www.unibo.it/it/didattica/corsi-di-studio/corso/2019/8037,Bologna,Bologna,Scienze motorie,Laurea Magistrale,2,False,,,Italiano,libero accesso con verifica dell'adeguatezza della preparazione
2019/2020,True,8038,"Economia, mercati e istituzioni",http://www.unibo.it/it/didattica/corsi-di-studio/corso/2019/8038,Bologna,Bologna,Economia e management,Laurea,3,False,,,Italiano,numero chiuso
2019/2020,True,8040,Servizio sociale,http://www.unibo.it/it/didattica/corsi-di-studio/corso/2019/8040,Bologna,Bologna,Sociologia,Laurea,3,False,,,Italiano,numero chiuso
2019/2020,True,8048,Scienze internazionali e diplomatiche,http://www.unibo.it/it/didattica/corsi-di-studio/corso/2019/8048,Forlì,Forlì,Scienze politiche,Laurea,3,True,,Erogato in lingua straniera (solo alcuni curricula),Italiano Inglese,numero chiuso
2019/2020,True,8049,Interdisciplinary research and studies on eastern europe,http://www.unibo.it/it/didattica/corsi-di-studio/corso/2019/8049,Forlì,Forlì,Scienze politiche,Laurea Magistrale,2,True,Titolo congiunto,Erogato in lingua straniera,Inglese,numero chiuso
2019/2020,True,8051,Mass media e politica,http://www.unibo.it/it/didattica/corsi-di-studio/corso/2019/8051,Forlì,Forlì,Scienze politiche,Laurea Magistrale,2,False,,,Italiano,libero accesso con verifica dell'adeguatezza della preparazione
2019/2020,True,8059,Mediazione linguistica interculturale,http://www.unibo.it/it/didattica/corsi-di-studio/corso/2019/8059,Forlì,Forlì,"Lingue e Letterature, Traduzione e Interpretazione",Laurea,3,True,Titolo multiplo,,Italiano,numero chiuso
2019/2020,True,8060,Interpretazione,http://www.unibo.it/it/didattica/corsi-di-studio/corso/2019/8060,Forlì,Forlì,"Lingue e Letterature, Traduzione e Interpretazione",Laurea Magistrale,2,False,,,Italiano,numero chiuso
2019/2020,True,8182,Design del prodotto industriale,http://www.unibo.it/it/didattica/corsi-di-studio/corso/2019/8182,Bologna,Bologna,Ingegneria e architettura,Laurea,3,False,,,Italiano,numero chiuso
2019/2020,True,8204,Odontoiatria e protesi dentaria,http://www.unibo.it/it/didattica/corsi-di-studio/corso/2019/8204,Bologna,Bologna,Medicina e Chirurgia,Laurea Magistrale a ciclo unico,6,False,,,Italiano,numero chiuso
2019/2020,True,8208,Matematica,http://www.unibo.it/it/didattica/corsi-di-studio/corso/2019/8208,Bologna,Bologna,Scienze,Laurea Magistrale,2,False,,,Italiano,libero accesso con verifica dell'adeguatezza della preparazione
2019/2020,False,8405,Economia aziendale,http://www.unibo.it/it/didattica/corsi-di-studio/corso/2019/8405,Bologna,,Economia e management,Laurea,3,False,,,Italiano,numero chiuso
2019/2020,True,8406,Management e marketing,http://www.unibo.it/it/didattica/corsi-di-studio/corso/2019/8406,Bologna,Bologna,Economia e management,Laurea,3,False,,,Italiano,numero chiuso
2019/2020,False,8407,Business and economics,http://www.unibo.it/it/didattica/corsi-di-studio/corso/2019/8407,Bologna,,Economia e management,Laurea,3,True,,Erogato in lingua straniera,Inglese,numero chiuso
2019/2020,True,8408,Economics,http://www.unibo.it/it/didattica/corsi-di-studio/corso/2019/8408,Bologna,Bologna,Economia e management,Laurea Magistrale,2,True,,Erogato in lingua straniera,Inglese,libero accesso con verifica dell'adeguatezza della preparazione
2019/2020,True,8412,Chimica e tecnologia farmaceutiche,http://www.unibo.it/it/didattica/corsi-di-studio/corso/2019/8412,Bologna,Bologna,Farmacia e biotecnologie,Laurea Magistrale a ciclo unico,5,False,,,Italiano,numero chiuso
2019/2020,False,8413,Farmacia,http://www.unibo.it/it/didattica/corsi-di-studio/corso/2019/8413,Bologna,Bologna,Farmacia e biotecnologie,Laurea Magistrale a ciclo unico,5,False,,,Italiano,numero chiuso
2019/2020,False,8414,Farmacia,http://www.unibo.it/it/didattica/corsi-di-studio/corso/2019/8414,Rimini,Rimini,Farmacia e biotecnologie,Laurea Magistrale a ciclo unico,5,False,,,Italiano,numero chiuso
2019/2020,True,8415,Medicina e chirurgia,http://www.unibo.it/it/didattica/corsi-di-studio/corso/2019/8415,Bologna,Bologna,Medicina e Chirurgia,Laurea Magistrale a ciclo unico,6,False,,,Italiano,numero chiuso
2019/2020,True,8418,Analisi e gestione dell'ambiente,http://www.unibo.it/it/didattica/corsi-di-studio/corso/2019/8418,Ravenna,Ravenna,Scienze,Laurea Magistrale,2,True,Titolo multiplo (solo alcuni curricula),Erogato in lingua straniera (solo alcuni curricula),Italiano Inglese,libero accesso con verifica dell'adeguatezza della preparazione
2019/2020,False,8419,Biodiversità ed evoluzione,http://www.unibo.it/it/didattica/corsi-di-studio/corso/2019/8419,Bologna,Bologna,Scienze,Laurea Magistrale,2,False,,,Italiano,libero accesso con verifica dell'adeguatezza della preparazione
2019/2020,True,8420,Economia e politica economica,http://www.unibo.it/it/didattica/corsi-di-studio/corso/2019/8420,Bologna,Bologna,Economia e management,Laurea Magistrale,2,True,,Erogato in lingua straniera (solo alcuni curricula),Italiano Inglese,libero accesso con verifica dell'adeguatezza della preparazione
2019/2020,True,8470,Dietistica (abilitante alla professione sanitaria di dietista),http://www.unibo.it/it/didattica/corsi-di-studio/corso/2019/8470,Bologna,Bologna,Medicina e Chirurgia,Laurea,3,False,,,Italiano,numero chiuso
2019/2020,True,8473,Infermieristica (abilitante alla professione sanitaria di infermiere),http://www.unibo.it/it/didattica/corsi-di-studio/corso/2019/8473,Bologna,Bologna,Medicina e Chirurgia,Laurea,3,False,,,Italiano,numero chiuso
2019/2020,True,8474,Infermieristica (abilitante alla professione sanitaria di infermiere),http://www.unibo.it/it/didattica/corsi-di-studio/corso/2019/8474,Ravenna,Faenza,Medicina e Chirurgia,Laurea,3,False,,,Italiano,numero chiuso
2019/2020,True,8475,Infermieristica (abilitante alla professione sanitaria di infermiere),http://www.unibo.it/it/didattica/corsi-di-studio/corso/2019/8475,Rimini,Rimini,Medicina e Chirurgia,Laurea,3,False,,,Italiano,numero chiuso
2019/2020,True,8476,Fisioterapia (abilitante alla professione sanitaria di fisioterapista),http://www.unibo.it/it/didattica/corsi-di-studio/corso/2019/8476,Bologna,Bologna,Medicina e Chirurgia,Laurea,3,False,,,Italiano,numero chiuso
2019/2020,True,8477,Educazione professionale (abilitante alla professione sanitaria di educatore professionale),http://www.unibo.it/it/didattica/corsi-di-studio/corso/2019/8477,Bologna,Imola,Medicina e Chirurgia,Laurea,3,False,,,Italiano,numero chiuso
2019/2020,False,8478,Logopedia (abilitante alla professione sanitaria di logopedista),http://www.unibo.it/it/didattica/corsi-di-studio/corso/2019/8478,Ravenna,Faenza,Medicina e Chirurgia,Laurea,3,False,,,Italiano,numero chiuso
2019/2020,True,8479,Podologia (abilitante alla professione sanitaria di podologo),http://www.unibo.it/it/didattica/corsi-di-studio/corso/2019/8479,Bologna,Bologna,Medicina e Chirurgia,Laurea,3,False,,,Italiano,numero chiuso
2019/2020,True,8481,Igiene dentale (abilitante alla professione sanitaria di igienista dentale),http://www.unibo.it/it/didattica/corsi-di-studio/corso/2019/8481,Bologna,Bologna,Medicina e Chirurgia,Laurea,3,False,,,Italiano,numero chiuso
2019/2020,True,8482,Tecniche di neurofisiopatologia (abilitante alla professione sanitaria di tecnico di neurofisiopatologia),http://www.unibo.it/it/didattica/corsi-di-studio/corso/2019/8482,Bologna,Bologna,Medicina e Chirurgia,Laurea,3,False,,,Italiano,numero chiuso
2019/2020,True,8483,Tecniche ortopediche (abilitante alla professione sanitaria di tecnico ortopedico),http://www.unibo.it/it/didattica/corsi-di-studio/corso/2019/8483,Bologna,Bologna,Medicina e Chirurgia,Laurea,3,False,,,Italiano,numero chiuso
2019/2020,True,8484,Tecniche di laboratorio biomedico (abilitante alla professione sanitaria di tecnico di laboratorio biomedico),http://www.unibo.it/it/didattica/corsi-di-studio/corso/2019/8484,Bologna,Bologna,Medicina e Chirurgia,Laurea,3,False,,,Italiano,numero chiuso
2019/2020,False,8485,"Tecniche di radiologia medica, per immagini e radioterapia (abilitante alla professione sanitaria di tecnico di radiologia medica)",http://www.unibo.it/it/didattica/corsi-di-studio/corso/2019/8485,Bologna,Bologna,Medicina e Chirurgia,Laurea,3,False,,,Italiano,numero chiuso
2019/2020,False,8486,"Tecniche di radiologia medica, per immagini e radioterapia (abilitante alla professione sanitaria di tecnico di radiologia medica)",http://www.unibo.it/it/didattica/corsi-di-studio/corso/2019/8486,Rimini,Rimini,Medicina e Chirurgia,Laurea,3,False,,,Italiano,numero chiuso
2019/2020,True,8487,Tecniche della prevenzione nell'ambiente e nei luoghi di lavoro (abilitante alla professione sanitaria di tecnico della prevenzione nell'ambiente e nei luoghi di lavoro),http://www.unibo.it/it/didattica/corsi-di-studio/corso/2019/8487,Bologna,Imola,Medicina e Chirurgia,Laurea,3,False,,,Italiano,numero chiuso
2019/2020,True,8488,Scienze infermieristiche e ostetriche,http://www.unibo.it/it/didattica/corsi-di-studio/corso/2019/8488,Bologna,Bologna,Medicina e Chirurgia,Laurea Magistrale,2,False,,,Italiano,numero chiuso
2019/2020,True,8491,Scienze criminologiche per l'investigazione e la sicurezza,http://www.unibo.it/it/didattica/corsi-di-studio/corso/2019/8491,Forlì,Forlì,Sociologia,Laurea Magistrale,2,False,,,Italiano,libero accesso con verifica dell'adeguatezza della preparazione
2019/2020,True,8493,"Antropologia, religioni, civiltà orientali",http://www.unibo.it/it/didattica/corsi-di-studio/corso/2019/8493,Bologna,Bologna,Studi umanistici,Laurea,3,False,,,Italiano,libero accesso con verifica delle conoscenze
2019/2020,True,8495,Sociologia,http://www.unibo.it/it/didattica/corsi-di-studio/corso/2019/8495,Forlì,Forlì,Sociologia,Laurea,3,False,,,Italiano,libero accesso con verifica delle conoscenze
2019/2020,True,8512,Scienze delle attività motorie e sportive,http://www.unibo.it/it/didattica/corsi-di-studio/corso/2019/8512,Bologna,Bologna,Scienze motorie,Laurea,3,False,,,Italiano,numero chiuso
2019/2020,True,8513,Chimica industriale,http://www.unibo.it/it/didattica/corsi-di-studio/corso/2019/8513,Bologna,Bologna,Scienze,Laurea,3,False,,,Italiano,numero chiuso
2019/2020,True,8514,Chimica e tecnologie per l'ambiente e per i materiali,http://www.unibo.it/it/didattica/corsi-di-studio/corso/2019/8514,Rimini,Rimini,Scienze,Laurea,3,False,,,Italiano,numero chiuso
2019/2020,True,8515,Chimica e tecnologie per l'ambiente e per i materiali,http://www.unibo.it/it/didattica/corsi-di-studio/corso/2019/8515,Ravenna,Faenza,Scienze,Laurea,3,False,,,Italiano,numero chiuso
2019/2020,True,8518,Scienze farmaceutiche applicate,http://www.unibo.it/it/didattica/corsi-di-studio/corso/2019/8518,Bologna,Imola,Farmacia e biotecnologie,Laurea,3,False,,,Italiano,numero chiuso
2019/2020,False,8519,Biotecnologie farmaceutiche,http://www.unibo.it/it/didattica/corsi-di-studio/corso/2019/8519,Bologna,Bologna,Farmacia e biotecnologie,Laurea Magistrale,2,False,,,Italiano,libero accesso con verifica dell'adeguatezza della preparazione
2019/2020,True,8521,Sicurezza e qualità delle produzioni animali,http://www.unibo.it/it/didattica/corsi-di-studio/corso/2019/8521,Bologna,Ozzano dell' Emilia,Medicina veterinaria,Laurea Magistrale,2,False,,,Italiano,libero accesso con verifica delle conoscenze
2019/2020,True,8522,Biotecnologie animali,http://www.unibo.it/it/didattica/corsi-di-studio/corso/2019/8522,Bologna,Ozzano dell' Emilia,Medicina veterinaria,Laurea Magistrale,2,False,,,Italiano,libero accesso con verifica delle conoscenze
2019/2020,True,8523,Verde ornamentale e tutela del paesaggio,http://www.unibo.it/it/didattica/corsi-di-studio/corso/2019/8523,Bologna,Imola,Scienze agro-alimentari,Laurea,3,False,,,Italiano,libero accesso con verifica delle conoscenze
2019/2020,True,8524,Tecnologie agrarie,http://www.unibo.it/it/didattica/corsi-di-studio/corso/2019/8524,Bologna,Bologna,Scienze agro-alimentari,Laurea,3,False,,,Italiano,numero chiuso
2019/2020,True,8525,Scienze del territorio e dell'ambiente agro-forestale,http://www.unibo.it/it/didattica/corsi-di-studio/corso/2019/8525,Bologna,Bologna,Scienze agro-alimentari,Laurea,3,False,,,Italiano,numero chiuso
2019/2020,True,8526,Economia e marketing nel sistema agro-industriale,http://www.unibo.it/it/didattica/corsi-di-studio/corso/2019/8526,Bologna,Bologna,Scienze agro-alimentari,Laurea,3,False,,,Italiano,numero chiuso
2019/2020,True,8527,Viticoltura ed enologia,http://www.unibo.it/it/didattica/corsi-di-studio/corso/2019/8527,Cesena,Cesena,Scienze agro-alimentari,Laurea,3,False,,,Italiano,numero chiuso
2019/2020,True,8528,Tecnologie alimentari,http://www.unibo.it/it/didattica/corsi-di-studio/corso/2019/8528,Cesena,Cesena,Scienze agro-alimentari,Laurea,3,False,,,Italiano,numero chiuso
2019/2020,True,8531,Scienze e tecnologie alimentari,http://www.unibo.it/it/didattica/corsi-di-studio/corso/2019/8531,Cesena,Cesena,Scienze agro-alimentari,Laurea Magistrale,2,False,,,Italiano,libero accesso con verifica dell'adeguatezza della preparazione
2019/2020,True,8532,"Progettazione e gestione degli ecosistemi agro-territoriali, forestali e del paesaggio",http://www.unibo.it/it/didattica/corsi-di-studio/corso/2019/8532,Bologna,Bologna,Scienze agro-alimentari,Laurea Magistrale,2,False,,,Italiano,libero accesso con verifica dell'adeguatezza della preparazione
2019/2020,True,8537,Science for the conservation - restoration of cultural heritage,http://www.unibo.it/it/didattica/corsi-di-studio/corso/2019/8537,Ravenna,Ravenna,Scienze,Laurea Magistrale,2,True,,Erogato in lingua straniera,Inglese,libero accesso con verifica dell'adeguatezza della preparazione
2019/2020,True,8540,Scienze della formazione primaria,http://www.unibo.it/it/didattica/corsi-di-studio/corso/2019/8540,Bologna,Bologna,Scienze dell’educazione e della formazione,Laurea Magistrale a ciclo unico,5,False,,,Italiano,numero chiuso
2019/2020,True,8609,Tourism economics and management ,http://www.unibo.it/it/didattica/corsi-di-studio/corso/2019/8609,Rimini,Rimini,Economia e management,Laurea Magistrale,2,True,,Erogato in lingua straniera,Inglese,libero accesso con verifica dell'adeguatezza della preparazione
2019/2020,False,8610,Ingegneria dell'energia elettrica,http://www.unibo.it/it/didattica/corsi-di-studio/corso/2019/8610,Bologna,Bologna,Ingegneria e architettura,Laurea,3,False,,,Italiano,numero chiuso
2019/2020,False,8611,Ingegneria dell'energia elettrica,http://www.unibo.it/it/didattica/corsi-di-studio/corso/2019/8611,Bologna,Bologna,Ingegneria e architettura,Laurea Magistrale,2,True,,Erogato in lingua straniera (solo alcuni curricula),Italiano Inglese,libero accesso con verifica dell'adeguatezza della preparazione
2019/2020,True,8614,Ingegneria e scienze informatiche,http://www.unibo.it/it/didattica/corsi-di-studio/corso/2019/8614,Cesena,Cesena,"Ingegneria e architettura, Scienze",Laurea Magistrale,2,False,,,Italiano,libero accesso con verifica dell'adeguatezza della preparazione
2019/2020,True,8615,Ingegneria e scienze informatiche,http://www.unibo.it/it/didattica/corsi-di-studio/corso/2019/8615,Cesena,Cesena,"Ingegneria e architettura, Scienze",Laurea,3,False,,,Italiano,numero chiuso
2019/2020,True,8616,Conservazione e restauro dei beni culturali (abilitante ai sensi del d. lgs n. 42,http://www.unibo.it/it/didattica/corsi-di-studio/corso/2019/8616,Ravenna,Ravenna,Studi umanistici,Laurea Magistrale a ciclo unico,5,False,,,Italiano,numero chiuso
2019/2020,True,8617,Medicina veterinaria,http://www.unibo.it/it/didattica/corsi-di-studio/corso/2019/8617,Bologna,Ozzano dell' Emilia,Medicina veterinaria,Laurea Magistrale a ciclo unico,5,False,,,Italiano,numero chiuso
2019/2020,True,8626,Fisica del sistema Terra,http://www.unibo.it/it/didattica/corsi-di-studio/corso/2019/8626,Bologna,Bologna,Scienze,Laurea Magistrale,2,False,,,Italiano,libero accesso con verifica dell'adeguatezza della preparazione
2019/2020,True,8766,Scienze delle attività motorie e sportive,http://www.unibo.it/it/didattica/corsi-di-studio/corso/2019/8766,Rimini,Rimini,Scienze motorie,Laurea,3,False,,,Italiano,numero chiuso
2019/2020,True,8767,Ingegneria elettronica per l'energia e l'informazione,http://www.unibo.it/it/didattica/corsi-di-studio/corso/2019/8767,Cesena,Cesena,Ingegneria e architettura,Laurea,3,False,,,Italiano,numero chiuso
2019/2020,True,8769,Aerospace engineering ,http://www.unibo.it/it/didattica/corsi-di-studio/corso/2019/8769,Forlì,Forlì,Ingegneria e architettura,Laurea Magistrale,2,True,Titolo multiplo,Erogato in lingua straniera,Inglese,numero chiuso
2019/2020,True,8770,Ingegneria elettronica e telecomunicazioni per l'energia,http://www.unibo.it/it/didattica/corsi-di-studio/corso/2019/8770,Cesena,Cesena,Ingegneria e architettura,Laurea Magistrale,2,False,,,Italiano,libero accesso con verifica dell'adeguatezza della preparazione
2019/2020,True,8771,Ingegneria meccanica,http://www.unibo.it/it/didattica/corsi-di-studio/corso/2019/8771,Forlì,Forlì,Ingegneria e architettura,Laurea Magistrale,2,False,,,Italiano,numero chiuso
2019/2020,False,8772,Culture e tecniche della moda,http://www.unibo.it/it/didattica/corsi-di-studio/corso/2019/8772,Rimini,Rimini,Studi umanistici,Laurea,3,False,,,Italiano,libero accesso con verifica dell'adeguatezza della preparazione
2019/2020,True,8773,Scienze filosofiche,http://www.unibo.it/it/didattica/corsi-di-studio/corso/2019/8773,Bologna,Bologna,Studi umanistici,Laurea Magistrale,2,True,Titolo multiplo,,Italiano,libero accesso con verifica dell'adeguatezza della preparazione
2019/2020,True,8774,Scienze e tecniche psicologiche,http://www.unibo.it/it/didattica/corsi-di-studio/corso/2019/8774,Cesena,Cesena,Psicologia,Laurea,3,False,,,Italiano,numero chiuso
2019/2020,False,8775,Educatore nei servizi per l'infanzia,http://www.unibo.it/it/didattica/corsi-di-studio/corso/2019/8775,Bologna,Bologna,Scienze dell’educazione e della formazione,Laurea,3,False,,,Italiano,numero chiuso
2019/2020,True,8776,Educatore sociale e culturale,http://www.unibo.it/it/didattica/corsi-di-studio/corso/2019/8776,Bologna,Bologna,Scienze dell’educazione e della formazione,Laurea,3,False,,,Italiano,numero chiuso
2019/2020,True,8777,Educatore sociale e culturale,http://www.unibo.it/it/didattica/corsi-di-studio/corso/2019/8777,Rimini,Rimini,Scienze dell’educazione e della formazione,Laurea,3,False,,,Italiano,numero chiuso
2019/2020,True,8780,Scienze dell'educazione permanente e della formazione continua,http://www.unibo.it/it/didattica/corsi-di-studio/corso/2019/8780,Bologna,Bologna,Scienze dell’educazione e della formazione,Laurea Magistrale,2,False,,,Italiano,libero accesso con verifica dell'adeguatezza della preparazione
2019/2020,False,8782,Relazioni internazionali,http://www.unibo.it/it/didattica/corsi-di-studio/corso/2019/8782,Bologna,Bologna,Scienze politiche,Laurea Magistrale,2,True,,Erogato in lingua straniera (solo alcuni curricula),Italiano Inglese,numero chiuso
2019/2020,False,8784,"Politica, amministrazione e organizzazione",http://www.unibo.it/it/didattica/corsi-di-studio/corso/2019/8784,Bologna,Bologna,Scienze politiche,Laurea Magistrale,2,False,,,Italiano,numero chiuso
2019/2020,True,8786,Sociologia e servizio sociale,http://www.unibo.it/it/didattica/corsi-di-studio/corso/2019/8786,Bologna,Bologna,Sociologia,Laurea Magistrale,2,True,Titolo multiplo (solo alcuni curricula),,Italiano,libero accesso con verifica dell'adeguatezza della preparazione
2019/2020,True,8829,Ingegneria dei processi e dei sistemi edilizi,http://www.unibo.it/it/didattica/corsi-di-studio/corso/2019/8829,Ravenna,Ravenna,Ingegneria e architettura,Laurea Magistrale,2,True,Titolo multiplo (solo alcuni curricula),Erogato in lingua straniera (solo alcuni curricula),Italiano Inglese,libero accesso con verifica dell'adeguatezza della preparazione
2019/2020,True,8834,Acquacoltura e igiene delle produzioni ittiche,http://www.unibo.it/it/didattica/corsi-di-studio/corso/2019/8834,Cesena,Cesenatico,Medicina veterinaria,Laurea,3,False,,,Italiano,libero accesso con verifica dell'adeguatezza della preparazione
2019/2020,True,8835,Economics and finance ,http://www.unibo.it/it/didattica/corsi-di-studio/corso/2019/8835,Bologna,Bologna,Economia e management,Laurea,3,True,,Erogato in lingua straniera,Inglese,numero chiuso
2019/2020,True,8837,Discipline della musica e del teatro,http://www.unibo.it/it/didattica/corsi-di-studio/corso/2019/8837,Bologna,Bologna,Studi umanistici,Laurea Magistrale,2,False,,,Italiano,libero accesso con verifica dell'adeguatezza della preparazione
2019/2020,False,8838,Scienze del libro e del documento,http://www.unibo.it/it/didattica/corsi-di-studio/corso/2019/8838,Ravenna,Ravenna,Studi umanistici,Laurea Magistrale,2,False,,,Italiano,libero accesso con verifica dell'adeguatezza della preparazione
2019/2020,True,8839,Resource economics and sustainable development ,http://www.unibo.it/it/didattica/corsi-di-studio/corso/2019/8839,Rimini,Rimini,Economia e management,Laurea Magistrale,2,True,,Erogato in lingua straniera,Inglese,libero accesso con verifica dell'adeguatezza della preparazione
2019/2020,True,8840,Comunicazione pubblica e d'impresa,http://www.unibo.it/it/didattica/corsi-di-studio/corso/2019/8840,Bologna,Bologna,Scienze politiche,Laurea Magistrale,2,False,,,Italiano,numero chiuso
2019/2020,True,8842,Amministrazione e gestione d'impresa,http://www.unibo.it/it/didattica/corsi-di-studio/corso/2019/8842,Rimini,Rimini,Economia e management,Laurea Magistrale,2,True,,Erogato in lingua straniera (solo alcuni curricula),Italiano Inglese,numero chiuso
2019/2020,True,8843,Management dell'economia sociale,http://www.unibo.it/it/didattica/corsi-di-studio/corso/2019/8843,Forlì,Forlì,Economia e management,Laurea Magistrale,2,True,Titolo multiplo,,Italiano,libero accesso con verifica dell'adeguatezza della preparazione
2019/2020,True,8845,Scienze storiche e orientalistiche,http://www.unibo.it/it/didattica/corsi-di-studio/corso/2019/8845,Bologna,Bologna,Studi umanistici,Laurea Magistrale,2,True,Titolo multiplo (solo alcuni curricula),Erogato in lingua straniera (solo alcuni curricula),Italiano Inglese,libero accesso con verifica dell'adeguatezza della preparazione
2019/2020,True,8847,Economia del turismo,http://www.unibo.it/it/didattica/corsi-di-studio/corso/2019/8847,Rimini,Rimini,Economia e management,Laurea,3,True,,Erogato in lingua straniera (solo alcuni curricula),Italiano Inglese,numero chiuso
2019/2020,True,8848,Economia dell'impresa,http://www.unibo.it/it/didattica/corsi-di-studio/corso/2019/8848,Rimini,Rimini,Economia e management,Laurea,3,False,,,Italiano,numero chiuso
2019/2020,False,8849,Beni culturali,http://www.unibo.it/it/didattica/corsi-di-studio/corso/2019/8849,Ravenna,Ravenna,Studi umanistici,Laurea,3,False,,,Italiano,libero accesso con verifica delle conoscenze
2019/2020,True,8850,Lettere,http://www.unibo.it/it/didattica/corsi-di-studio/corso/2019/8850,Bologna,Bologna,Studi umanistici,Laurea,3,True,Titolo multiplo (solo alcuni curricula),,Italiano,libero accesso con verifica delle conoscenze
2019/2020,True,8853,"Scienze politiche, sociali e internazionali",http://www.unibo.it/it/didattica/corsi-di-studio/corso/2019/8853,Bologna,Bologna,Scienze politiche,Laurea,3,False,,,Italiano,numero chiuso
2019/2020,True,8854,Quantitative finance,http://www.unibo.it/it/didattica/corsi-di-studio/corso/2019/8854,Bologna,Bologna,Scienze Statistiche,Laurea Magistrale,2,True,Titolo multiplo,Erogato in lingua straniera,Inglese,libero accesso con verifica dell'adeguatezza della preparazione
2019/2020,True,8855,Archeologia e culture del mondo antico,http://www.unibo.it/it/didattica/corsi-di-studio/corso/2019/8855,Bologna,Bologna,Studi umanistici,Laurea Magistrale,2,True,,Erogato in lingua straniera (solo alcuni curricula),Italiano,libero accesso con verifica dell'adeguatezza della preparazione
2019/2020,False,8856,Chimica,http://www.unibo.it/it/didattica/corsi-di-studio/corso/2019/8856,Bologna,Bologna,Scienze,Laurea Magistrale,2,True,,Erogato in lingua straniera (solo alcuni curricula),Italiano Inglese,libero accesso con verifica dell'adeguatezza della preparazione
2019/2020,True,8857,Biologia marina,http://www.unibo.it/it/didattica/corsi-di-studio/corso/2019/8857,Ravenna,Ravenna,Scienze,Laurea Magistrale,2,False,,,Italiano,libero accesso con verifica dell'adeguatezza della preparazione
2019/2020,False,8859,Biotecnologie mediche,http://www.unibo.it/it/didattica/corsi-di-studio/corso/2019/8859,Bologna,Bologna,Medicina e Chirurgia,Laurea Magistrale,2,False,,,Italiano,libero accesso con verifica dell'adeguatezza della preparazione
2019/2020,True,8871,Economia aziendale,http://www.unibo.it/it/didattica/corsi-di-studio/corso/2019/8871,Bologna,Bologna,Economia e management,Laurea,3,False,,,Italiano,numero chiuso
2019/2020,True,8872,"Finanza, assicurazioni e impresa",http://www.unibo.it/it/didattica/corsi-di-studio/corso/2019/8872,Rimini,Rimini,Scienze Statistiche,Laurea,3,False,,,Italiano,numero chiuso
2019/2020,True,8873,Scienze statistiche,http://www.unibo.it/it/didattica/corsi-di-studio/corso/2019/8873,Bologna,Bologna,"Scienze Statistiche, Scienze",Laurea,3,True,Titolo multiplo (solo alcuni curricula),Erogato in lingua straniera (solo alcuni curricula),Italiano Inglese,numero chiuso
2019/2020,True,8874,"Language, society and communication ",http://www.unibo.it/it/didattica/corsi-di-studio/corso/2019/8874,Bologna,Bologna,"Lingue e Letterature, Traduzione e Interpretazione",Laurea Magistrale,2,True,,Erogato in lingua straniera,Inglese,libero accesso con verifica dell'adeguatezza della preparazione
2019/2020,True,8876,"Statistica, economia e impresa",http://www.unibo.it/it/didattica/corsi-di-studio/corso/2019/8876,Bologna,Bologna,Scienze Statistiche,Laurea Magistrale,2,False,,,Italiano,libero accesso con verifica dell'adeguatezza della preparazione
2019/2020,True,8877,"Scienze statistiche, finanziarie e attuariali",http://www.unibo.it/it/didattica/corsi-di-studio/corso/2019/8877,Rimini,Rimini,Scienze Statistiche,Laurea Magistrale,2,False,,,Italiano,libero accesso con verifica dell'adeguatezza della preparazione
2019/2020,True,8878,Scienze delle professioni sanitarie della prevenzione,http://www.unibo.it/it/didattica/corsi-di-studio/corso/2019/8878,Bologna,Imola,Medicina e Chirurgia,Laurea Magistrale,2,False,,,Italiano,numero chiuso
2019/2020,False,8879,Assistenza sanitaria (abilitante alla professione sanitaria di assistente sanitario),http://www.unibo.it/it/didattica/corsi-di-studio/corso/2019/8879,Rimini,Rimini,Medicina e Chirurgia,Laurea,3,False,,,Italiano,numero chiuso
2019/2020,True,8880,Health economics and management ,http://www.unibo.it/it/didattica/corsi-di-studio/corso/2019/8880,Bologna,Bologna,Economia e management,Laurea Magistrale,2,True,Titolo congiunto,Erogato in lingua straniera,Inglese,numero chiuso
2019/2020,True,8882,Produzioni animali,http://www.unibo.it/it/didattica/corsi-di-studio/corso/2019/8882,Bologna,Bologna,Scienze agro-alimentari,Laurea,3,False,,,Italiano,numero chiuso
2019/2020,True,8883,International horticultural science ,http://www.unibo.it/it/didattica/corsi-di-studio/corso/2019/8883,Bologna,"Bologna, Bolzano",Scienze agro-alimentari,Laurea Magistrale,2,True,Titolo congiunto,Erogato in lingua straniera,Inglese,libero accesso con verifica dell'adeguatezza della preparazione
2019/2020,True,8885,Scienze della comunicazione,http://www.unibo.it/it/didattica/corsi-di-studio/corso/2019/8885,Bologna,Bologna,Studi umanistici,Laurea,3,False,,,Italiano,numero chiuso
2019/2020,True,8886,Semiotica,http://www.unibo.it/it/didattica/corsi-di-studio/corso/2019/8886,Bologna,Bologna,Studi umanistici,Laurea Magistrale,2,False,,,Italiano,libero accesso con verifica dell'adeguatezza della preparazione
2019/2020,True,8887,Ingegneria chimica e biochimica,http://www.unibo.it/it/didattica/corsi-di-studio/corso/2019/8887,Bologna,Bologna,Ingegneria e architettura,Laurea,3,False,,,Italiano,numero chiuso
2019/2020,True,8888,Ingegneria civile,http://www.unibo.it/it/didattica/corsi-di-studio/corso/2019/8888,Bologna,Bologna,Ingegneria e architettura,Laurea,3,False,,,Italiano,numero chiuso
2019/2020,True,8890,Sviluppo e cooperazione internazionale,http://www.unibo.it/it/didattica/corsi-di-studio/corso/2019/8890,Bologna,Bologna,"Scienze Statistiche, Scienze politiche",Laurea,3,False,,,Italiano,numero chiuso
2019/2020,True,8891,Automation engineering ,http://www.unibo.it/it/didattica/corsi-di-studio/corso/2019/8891,Bologna,Bologna,Ingegneria e architettura,Laurea Magistrale,2,True,Titolo multiplo,Erogato in lingua straniera,Inglese,libero accesso con verifica dell'adeguatezza della preparazione
2019/2020,True,8894,Ingegneria per l'ambiente e il territorio,http://www.unibo.it/it/didattica/corsi-di-studio/corso/2019/8894,Bologna,Bologna,Ingegneria e architettura,Laurea Magistrale,2,True,Titolo multiplo,Erogato in lingua straniera (solo alcuni curricula),Italiano Inglese,libero accesso con verifica dell'adeguatezza della preparazione
2019/2020,True,8895,Civil engineering,http://www.unibo.it/it/didattica/corsi-di-studio/corso/2019/8895,Bologna,Bologna,Ingegneria e architettura,Laurea Magistrale,2,True,Titolo multiplo,Erogato in lingua straniera,Inglese,libero accesso con verifica dell'adeguatezza della preparazione
2019/2020,True,8896,Ingegneria chimica e di processo,http://www.unibo.it/it/didattica/corsi-di-studio/corso/2019/8896,Bologna,Bologna,Ingegneria e architettura,Laurea Magistrale,2,True,Titolo multiplo (solo alcuni curricula),Erogato in lingua straniera (solo alcuni curricula),Italiano Inglese,libero accesso con verifica dell'adeguatezza della preparazione
2019/2020,True,8965,Business and economics,http://www.unibo.it/it/didattica/corsi-di-studio/corso/2019/8965,Bologna,Bologna,Economia e management,Laurea,3,True,,Erogato in lingua straniera,Inglese,numero chiuso
2019/2020,False,9022,Fashion culture and management,http://www.unibo.it/it/didattica/corsi-di-studio/corso/2019/9022,Rimini,Rimini,Studi umanistici,Laurea Magistrale,2,True,,Erogato in lingua straniera,Inglese,libero accesso con verifica dell'adeguatezza della preparazione
2019/2020,True,9062,Legal studies,http://www.unibo.it/it/didattica/corsi-di-studio/corso/2019/9062,Bologna,Bologna,Giurisprudenza,Laurea Magistrale,2,True,,Erogato in lingua straniera,Inglese,numero chiuso
2019/2020,True,9063,Artificial intelligence,http://www.unibo.it/it/didattica/corsi-di-studio/corso/2019/9063,Bologna,Bologna,"Ingegneria e architettura, Scienze",Laurea Magistrale,2,True,,Erogato in lingua straniera,Inglese,libero accesso con verifica dell'adeguatezza della preparazione
2019/2020,True,9064,Culture e pratiche della moda,http://www.unibo.it/it/didattica/corsi-di-studio/corso/2019/9064,Rimini,Rimini,Studi umanistici,Laurea,3,False,,,Italiano,libero accesso con verifica delle conoscenze
2019/2020,True,9065,Ingegneria elettronica e telecomunicazioni,http://www.unibo.it/it/didattica/corsi-di-studio/corso/2019/9065,Bologna,Bologna,Ingegneria e architettura,Laurea,3,False,,,Italiano,numero chiuso
2019/2020,True,9066,Ingegneria dell'energia elettrica,http://www.unibo.it/it/didattica/corsi-di-studio/corso/2019/9066,Bologna,Bologna,Ingegneria e architettura,Laurea Magistrale,2,True,,Erogato in lingua straniera (solo alcuni curricula),Italiano Inglese,libero accesso con verifica dell'adeguatezza della preparazione
2019/2020,True,9067,Fashion studies,http://www.unibo.it/it/didattica/corsi-di-studio/corso/2019/9067,Rimini,Rimini,Studi umanistici,Laurea Magistrale,2,True,,Erogato in lingua straniera,Inglese,libero accesso con verifica dell'adeguatezza della preparazione
2019/2020,True,9068,Pharmaceutical biotechnology,http://www.unibo.it/it/didattica/corsi-di-studio/corso/2019/9068,Bologna,Bologna,Farmacia e biotecnologie,Laurea Magistrale,2,True,,Erogato in lingua straniera,Inglese,libero accesso con verifica dell'adeguatezza della preparazione
2019/2020,True,9069,Scienze e tecniche dell'attività sportiva,http://www.unibo.it/it/didattica/corsi-di-studio/corso/2019/9069,Bologna,Bologna,Scienze motorie,Laurea Magistrale,2,False,,,Italiano,numero chiuso
2019/2020,True,9070,"Filologia, letteratura e tradizione classica",http://www.unibo.it/it/didattica/corsi-di-studio/corso/2019/9070,Bologna,Bologna,Studi umanistici,Laurea Magistrale,2,False,,,Italiano,libero accesso con verifica dell'adeguatezza della preparazione
2019/2020,True,9071,Arti visive,http://www.unibo.it/it/didattica/corsi-di-studio/corso/2019/9071,Bologna,Bologna,Studi umanistici,Laurea Magistrale,2,True,Titolo multiplo,Erogato in lingua straniera (solo alcuni curricula),Italiano Inglese Francese,libero accesso con verifica dell'adeguatezza della preparazione
2019/2020,True,9072,Chimica,http://www.unibo.it/it/didattica/corsi-di-studio/corso/2019/9072,Bologna,Bologna,Scienze,Laurea Magistrale,2,False,,,Italiano,libero accesso con verifica dell'adeguatezza della preparazione
2019/2020,True,9073,Geologia e territorio,http://www.unibo.it/it/didattica/corsi-di-studio/corso/2019/9073,Bologna,Bologna,Scienze,Laurea Magistrale,2,True,,Erogato in lingua straniera (solo alcuni curricula),Italiano Inglese,libero accesso con verifica dell'adeguatezza della preparazione
2019/2020,True,9074,Photochemistry and molecular materials,http://www.unibo.it/it/didattica/corsi-di-studio/corso/2019/9074,Bologna,Bologna,Scienze,Laurea Magistrale,2,True,,Erogato in lingua straniera (solo alcuni curricula),Inglese,libero accesso con verifica dell'adeguatezza della preparazione
2019/2020,True,9075,Biodiversità ed evoluzione,http://www.unibo.it/it/didattica/corsi-di-studio/corso/2019/9075,Bologna,Bologna,Scienze,Laurea Magistrale,2,False,,,Italiano,libero accesso con verifica dell'adeguatezza della preparazione
2019/2020,True,9076,Beni culturali,http://www.unibo.it/it/didattica/corsi-di-studio/corso/2019/9076,Ravenna,Ravenna,Studi umanistici,Laurea,3,False,,,Italiano,libero accesso con verifica delle conoscenze
2019/2020,True,9077,Scienze del libro e del documento,http://www.unibo.it/it/didattica/corsi-di-studio/corso/2019/9077,Ravenna,Ravenna,Studi umanistici,Laurea Magistrale,2,False,,,Italiano,libero accesso con verifica dell'adeguatezza della preparazione
2019/2020,True,9078,Pharmacy,http://www.unibo.it/it/didattica/corsi-di-studio/corso/2019/9078,Rimini,Rimini,Farmacia e biotecnologie,Laurea Magistrale a ciclo unico,5,True,,Erogato in lingua straniera,Inglese,numero chiuso
2019/2020,True,9079,"Tecniche di radiologia medica, per immagini e radioterapia (abilitante alla professione sanitaria di tecnico di radiologia medica)",http://www.unibo.it/it/didattica/corsi-di-studio/corso/2019/9079,Bologna,Bologna,Medicina e Chirurgia,Laurea,3,False,,,Italiano,numero chiuso
2019/2020,True,9080,Logopedia (abilitante alla professione sanitaria di logopedista),http://www.unibo.it/it/didattica/corsi-di-studio/corso/2019/9080,Ravenna,Faenza,Medicina e Chirurgia,Laurea,3,False,,,Italiano,numero chiuso
2019/2020,True,9081,Medical biotechnology,http://www.unibo.it/it/didattica/corsi-di-studio/corso/2019/9081,Bologna,Bologna,Medicina e Chirurgia,Laurea Magistrale,2,True,,Erogato in lingua straniera,Inglese,libero accesso con verifica dell'adeguatezza della preparazione
2019/2020,True,9082,Ingegneria biomedica,http://www.unibo.it/it/didattica/corsi-di-studio/corso/2019/9082,Cesena,Cesena,Ingegneria e architettura,Laurea,3,False,,,Italiano,numero chiuso
2019/2020,True,9083,Educatore nei servizi per l'infanzia,http://www.unibo.it/it/didattica/corsi-di-studio/corso/2019/9083,Bologna,Bologna,Scienze dell’educazione e della formazione,Laurea,3,False,,,Italiano,numero chiuso
2019/2020,True,9084,International relations,http://www.unibo.it/it/didattica/corsi-di-studio/corso/2019/9084,Bologna,Bologna,Scienze politiche,Laurea Magistrale,2,True,,Erogato in lingua straniera,Inglese,numero chiuso
2019/2020,True,9085,"Politica, amministrazione e organizzazione",http://www.unibo.it/it/didattica/corsi-di-studio/corso/2019/9085,Bologna,Bologna,Scienze politiche,Laurea Magistrale,2,True,,Erogato in lingua straniera (solo alcuni curricula),Italiano Inglese,numero chiuso
2019/2020,True,9140,Food safety and food risk management,http://www.unibo.it/it/didattica/corsi-di-studio/corso/2019/9140,Bologna,"Parma, Reggio Emilia, Piacenza, Modena, Bologna",Scienze agro-alimentari,Laurea Magistrale,2,True,Titolo congiunto,Erogato in lingua straniera,Inglese,
2019/2020,True,9174,Specialized translation,http://www.unibo.it/it/didattica/corsi-di-studio/corso/2019/9174,Forlì,Forlì,"Lingue e Letterature, Traduzione e Interpretazione",Laurea Magistrale,2,True,Titolo multiplo,Erogato in lingua straniera,Inglese,numero chiuso
2019/2020,True,9198,Ingegneria per l'ambiente e il territorio,http://www.unibo.it/it/didattica/corsi-di-studio/corso/2019/9198,Bologna,Bologna,Ingegneria e architettura,Laurea,3,False,,,Italiano,numero chiuso
2019/2020,True,9199,Ingegneria edile,http://www.unibo.it/it/didattica/corsi-di-studio/corso/2019/9199,Ravenna,Ravenna,Ingegneria e architettura,Laurea,3,False,,,Italiano,numero chiuso
2019/2020,True,9200,Sviluppo locale e globale,http://www.unibo.it/it/didattica/corsi-di-studio/corso/2019/9200,Bologna,Bologna,Scienze politiche,Laurea Magistrale,2,False,,,Italiano,numero chiuso
2019/2020,True,9201,Ostetricia (abilitante alla professione sanitaria di ostetrica,http://www.unibo.it/it/didattica/corsi-di-studio/corso/2019/9201,Bologna,Bologna,Medicina e Chirurgia,Laurea,3,False,,,Italiano,numero chiuso
2019/2020,True,9202,Economia e commercio,http://www.unibo.it/it/didattica/corsi-di-studio/corso/2019/9202,Forlì,Forlì,Economia e management,Laurea,3,True,,Erogato in lingua straniera (solo alcuni curricula),Italiano Inglese,numero chiuso
2019/2020,True,9203,Economia e management,http://www.unibo.it/it/didattica/corsi-di-studio/corso/2019/9203,Forlì,Forlì,Economia e management,Laurea Magistrale,2,True,Titolo multiplo,Erogato in lingua straniera (solo alcuni curricula),Italiano Inglese,numero chiuso
2019/2020,True,9205,Telecommunications engineering,http://www.unibo.it/it/didattica/corsi-di-studio/corso/2019/9205,Bologna,Bologna,Ingegneria e architettura,Laurea Magistrale,2,True,Titolo multiplo,Erogato in lingua straniera,Inglese,libero accesso con verifica dell'adeguatezza della preparazione
2019/2020,True,9206,Pedagogia,http://www.unibo.it/it/didattica/corsi-di-studio/corso/2019/9206,Bologna,Bologna,Scienze dell’educazione e della formazione,Laurea Magistrale,2,False,,,Italiano,numero chiuso
2019/2020,True,9210,Medicine and surgery,http://www.unibo.it/it/didattica/corsi-di-studio/corso/2019/9210,Bologna,Bologna,Medicina e Chirurgia,Laurea Magistrale a ciclo unico,6,True,,Erogato in lingua straniera,Inglese,numero chiuso
2019/2020,True,9211,Genomics,http://www.unibo.it/it/didattica/corsi-di-studio/corso/2019/9211,Bologna,Bologna,Farmacia e biotecnologie,Laurea,3,True,,Erogato in lingua straniera,Inglese,numero chiuso
2019/2020,True,9212,Biologia della salute,http://www.unibo.it/it/didattica/corsi-di-studio/corso/2019/9212,Bologna,Bologna,Farmacia e biotecnologie,Laurea Magistrale,2,False,,,Italiano,libero accesso con verifica dell'adeguatezza della preparazione
2019/2020,True,9213,Biotecnologie molecolari e industriali,http://www.unibo.it/it/didattica/corsi-di-studio/corso/2019/9213,Bologna,Bologna,Farmacia e biotecnologie,Laurea Magistrale,2,False,,,Italiano,libero accesso con verifica dell'adeguatezza della preparazione
2019/2020,True,9214,Management delle attività motorie e sportive,http://www.unibo.it/it/didattica/corsi-di-studio/corso/2019/9214,Bologna,Bologna,Scienze motorie,Laurea Magistrale,2,False,,,Italiano,libero accesso con verifica dell'adeguatezza della preparazione
2019/2020,True,9215,Scienze e tecniche dell'attività motoria preventiva e adattata,http://www.unibo.it/it/didattica/corsi-di-studio/corso/2019/9215,Rimini,Rimini,Scienze motorie,Laurea Magistrale,2,False,,,Italiano,numero chiuso
2019/2020,True,9216,Filosofia,http://www.unibo.it/it/didattica/corsi-di-studio/corso/2019/9216,Bologna,Bologna,Studi umanistici,Laurea,3,True,Titolo multiplo,,Italiano,libero accesso con verifica delle conoscenze
2019/2020,True,9217,Ingegneria dell'automazione,http://www.unibo.it/it/didattica/corsi-di-studio/corso/2019/9217,Bologna,Bologna,Ingegneria e architettura,Laurea,3,True,Titolo multiplo (solo alcuni curricula),,Italiano,numero chiuso
2019/2020,True,9218,"Beni archeologici, artistici e del paesaggio: storia, tutela e valorizzazione",http://www.unibo.it/it/didattica/corsi-di-studio/corso/2019/9218,Ravenna,Ravenna,Studi umanistici,Laurea Magistrale,2,False,,,Italiano,libero accesso con verifica dell'adeguatezza della preparazione
2019/2020,True,9219,Farmacia,http://www.unibo.it/it/didattica/corsi-di-studio/corso/2019/9219,Bologna,Bologna,Farmacia e biotecnologie,Laurea Magistrale a ciclo unico,5,False,,,Italiano,numero chiuso
2019/2020,True,9220,"Italianistica, culture letterarie europee, scienze linguistiche",http://www.unibo.it/it/didattica/corsi-di-studio/corso/2019/9220,Bologna,Bologna,Studi umanistici,Laurea Magistrale,2,True,Titolo multiplo (solo alcuni curricula),Erogato in lingua straniera (solo alcuni curricula),Italiano Inglese,libero accesso con verifica dell'adeguatezza della preparazione
2019/2020,True,9221,Economia e diritto,http://www.unibo.it/it/didattica/corsi-di-studio/corso/2019/9221,Bologna,Bologna,Economia e management,Laurea Magistrale,2,True,,Erogato in lingua straniera (solo alcuni curricula),Italiano Inglese,numero chiuso
2019/2020,True,9222,Statistical sciences,http://www.unibo.it/it/didattica/corsi-di-studio/corso/2019/9222,Bologna,Bologna,Scienze Statistiche,Laurea Magistrale,2,True,,Erogato in lingua straniera,Inglese,libero accesso con verifica dell'adeguatezza della preparazione
2019/2020,False,9223,Farmacia,http://www.unibo.it/it/didattica/corsi-di-studio/corso/2019/9223,Rimini,Rimini,Farmacia e biotecnologie,Laurea Magistrale a ciclo unico,5,False,,,Italiano,numero chiuso
2019/2020,True,9224,Digital humanities and digital knowledge,http://www.unibo.it/it/didattica/corsi-di-studio/corso/2019/9224,Bologna,Bologna,Studi umanistici,Laurea Magistrale,2,True,,Erogato in lingua straniera,Inglese,libero accesso con verifica dell'adeguatezza della preparazione
2019/2020,True,9225,Advanced cosmetic sciences,http://www.unibo.it/it/didattica/corsi-di-studio/corso/2019/9225,Rimini,Rimini,Scienze,Laurea Magistrale,2,True,,Erogato in lingua straniera,Inglese,libero accesso con verifica dell'adeguatezza della preparazione
2019/2020,True,9226,International politics and markets,http://www.unibo.it/it/didattica/corsi-di-studio/corso/2019/9226,Forlì,Forlì,Scienze politiche,Laurea Magistrale,2,True,,Erogato in lingua straniera,Inglese,numero chiuso
2019/2020,True,9227,"Wellness culture: sport, health and tourism",http://www.unibo.it/it/didattica/corsi-di-studio/corso/2019/9227,Rimini,Rimini,Scienze motorie,Laurea Magistrale,2,True,,Erogato in lingua straniera,Inglese,libero accesso con verifica dell'adeguatezza della preparazione
2019/2020,True,9228,Progettazione e gestione dell'intervento educativo nel disagio sociale,http://www.unibo.it/it/didattica/corsi-di-studio/corso/2019/9228,Bologna,Bologna,Scienze dell’educazione e della formazione,Laurea Magistrale,2,False,,,Italiano,numero chiuso
2019/2020,True,9229,Progettazione e gestione dell'intervento educativo nel disagio sociale,http://www.unibo.it/it/didattica/corsi-di-studio/corso/2019/9229,Rimini,Rimini,Scienze dell’educazione e della formazione,Laurea Magistrale,2,False,,,Italiano,numero chiuso
2019/2020,True,9230,Consulente del lavoro e delle relazioni aziendali,http://www.unibo.it/it/didattica/corsi-di-studio/corso/2019/9230,Bologna,Bologna,Giurisprudenza,Laurea,3,False,,,Italiano,libero accesso con verifica delle conoscenze
2019/2020,False,9231,Giurista per le imprese e per la pubblica amministrazione,http://www.unibo.it/it/didattica/corsi-di-studio/corso/2019/9231,Ravenna,Ravenna,Giurisprudenza,Laurea,3,False,,,Italiano,libero accesso con verifica delle conoscenze
2019/2020,True,9232,Giurisprudenza,http://www.unibo.it/it/didattica/corsi-di-studio/corso/2019/9232,Bologna,Bologna,Giurisprudenza,Laurea Magistrale a ciclo unico,5,True,Titolo multiplo,,Italiano,libero accesso con verifica delle conoscenze
2019/2020,True,9233,Giurisprudenza,http://www.unibo.it/it/didattica/corsi-di-studio/corso/2019/9233,Ravenna,Ravenna,Giurisprudenza,Laurea Magistrale a ciclo unico,5,True,Titolo multiplo,,Italiano,libero accesso con verifica delle conoscenze
2019/2020,True,9234,Ingegneria aerospaziale,http://www.unibo.it/it/didattica/corsi-di-studio/corso/2019/9234,Forlì,Forlì,Ingegneria e architettura,Laurea,3,False,,,Italiano,numero chiuso
2019/2020,True,9235,Scienze e tecnologie agrarie,http://www.unibo.it/it/didattica/corsi-di-studio/corso/2019/9235,Bologna,Bologna,Scienze agro-alimentari,Laurea Magistrale,2,False,,,Italiano,libero accesso con verifica dell'adeguatezza della preparazione
2019/2020,True,9236,"Work, organizational and personnel psychology",http://www.unibo.it/it/didattica/corsi-di-studio/corso/2019/9236,Cesena,Cesena,Psicologia,Laurea Magistrale,2,True,Titolo congiunto,Erogato in lingua straniera,Inglese,libero accesso con verifica dell'adeguatezza della preparazione
2019/2020,True,9237,International cooperation on human rights and intercultural heritage,http://www.unibo.it/it/didattica/corsi-di-studio/corso/2019/9237,Ravenna,Ravenna,"Studi umanistici, Scienze politiche",Laurea Magistrale,2,True,,Erogato in lingua straniera,Inglese,libero accesso con verifica dell'adeguatezza della preparazione
2019/2020,True,9238,Advanced automotive electronic engineering,http://www.unibo.it/it/didattica/corsi-di-studio/corso/2019/9238,Bologna,"Bologna, Modena",Ingegneria e architettura,Laurea Magistrale,2,True,Titolo congiunto,Erogato in lingua straniera,Inglese,numero chiuso
2019/2020,True,9239,Advanced automotive engineering,http://www.unibo.it/it/didattica/corsi-di-studio/corso/2019/9239,Bologna,"Modena, Bologna",Ingegneria e architettura,Laurea Magistrale,2,True,Titolo congiunto,Erogato in lingua straniera,Inglese,numero chiuso
2019/2020,False,9241,Percorso formativo - 24 cfu,http://www.unibo.it/it/didattica/corsi-di-studio/corso/2019/9241,Bologna,,,,1,False,,,,libero
2019/2020,True,9242,Giurista per le imprese e per la pubblica amministrazione,http://www.unibo.it/it/didattica/corsi-di-studio/corso/2019/9242,Ravenna,Ravenna,Giurisprudenza,Laurea,3,False,,,Italiano,libero accesso con verifica delle conoscenze
2019/2020,True,9243,Ingegneria biomedica,http://www.unibo.it/it/didattica/corsi-di-studio/corso/2019/9243,Cesena,Cesena,Ingegneria e architettura,Laurea Magistrale,2,False,,,Italiano,libero accesso con verifica dell'adeguatezza della preparazione
2019/2020,True,9244,Fisica,http://www.unibo.it/it/didattica/corsi-di-studio/corso/2019/9244,Bologna,Bologna,Scienze,Laurea,3,False,,,Italiano,numero chiuso
2019/2020,True,9245,Physics,http://www.unibo.it/it/didattica/corsi-di-studio/corso/2019/9245,Bologna,Bologna,Scienze,Laurea Magistrale,2,True,Titolo multiplo (solo alcuni curricula),Erogato in lingua straniera (solo alcuni curricula),Italiano Inglese,libero accesso con verifica dell'adeguatezza della preparazione
2019/2020,True,9246,Low carbon technologies and sustainable chemistry,http://www.unibo.it/it/didattica/corsi-di-studio/corso/2019/9246,Bologna,Bologna,Scienze,Laurea Magistrale,2,True,,Erogato in lingua straniera,Inglese,libero accesso con verifica dell'adeguatezza della preparazione
2019/2020,True,9247,Scienze internazionali e diplomatiche,http://www.unibo.it/it/didattica/corsi-di-studio/corso/2019/9247,Forlì,Forlì,Scienze politiche,Laurea Magistrale,2,False,,,Italiano,numero chiuso
2019/2020,True,9249,Offshore engineering,http://www.unibo.it/it/didattica/corsi-di-studio/corso/2019/9249,Ravenna,Ravenna,Ingegneria e architettura,Laurea Magistrale,2,True,,Erogato in lingua straniera,Inglese,libero accesso con verifica dell'adeguatezza della preparazione
2019/2020,True,9250,Ingegneria meccatronica,http://www.unibo.it/it/didattica/corsi-di-studio/corso/2019/9250,Bologna,Bologna,Ingegneria e architettura,Laurea,3,False,,,Italiano,numero chiuso
2019/2020,True,9254,Ingegneria informatica,http://www.unibo.it/it/didattica/corsi-di-studio/corso/2019/9254,Bologna,Bologna,Ingegneria e architettura,Laurea,3,False,,,Italiano,numero chiuso
2019/2020,True,9255,Ingegneria dell'energia elettrica,http://www.unibo.it/it/didattica/corsi-di-studio/corso/2019/9255,Bologna,Bologna,Ingegneria e architettura,Laurea,3,False,,,Italiano,numero chiuso
2019/2020,True,9256,Advanced design,http://www.unibo.it/it/didattica/corsi-di-studio/corso/2019/9256,Bologna,Bologna,Ingegneria e architettura,Laurea Magistrale,2,False,,,Italiano,libero accesso con verifica dell'adeguatezza della preparazione
2019/2020,True,9257,Scienze e gestione della natura,http://www.unibo.it/it/didattica/corsi-di-studio/corso/2019/9257,Bologna,Bologna,Scienze,Laurea Magistrale,2,True,,Erogato in lingua straniera (solo alcuni curricula),Italiano Inglese,libero accesso con verifica dell'adeguatezza della preparazione
