Mon Oct 26 2020 22:30:17 GMT+0100 (GMT+01:00),http://www.unibo.it/it/didattica/corsi-di-studio/corso/2019/9237,2,A95-000
Mon Oct 26 2020 23:12:29 GMT+0100 (GMT+01:00),http://www.unibo.it/it/didattica/corsi-di-studio/corso/2019/9230,2,000-000
Mon Oct 26 2020 23:12:59 GMT+0100 (GMT+01:00),http://www.unibo.it/it/didattica/corsi-di-studio/corso/2019/9063,2,000-000
Mon Oct 26 2020 23:19:42 GMT+0100 (Central European Standard Time),http://www.unibo.it/it/didattica/corsi-di-studio/corso/2019/9063,2,000-000
Tue Oct 27 2020 11:17:42 GMT+0100 (Central European Standard Time),http://www.unibo.it/it/didattica/corsi-di-studio/corso/2019/8842,1,A02-000
Tue Oct 27 2020 18:24:16 GMT+0100 (Central European Standard Time),http://www.unibo.it/it/didattica/corsi-di-studio/corso/2019/8872,2,000-000
Tue Oct 27 2020 18:24:16 GMT+0100 (Central European Standard Time),http://www.unibo.it/it/didattica/corsi-di-studio/corso/2019/8872,2,000-000
Wed Oct 28 2020 10:22:16 GMT+0100 (Central European Standard Time),http://www.unibo.it/it/didattica/corsi-di-studio/corso/2019/8615,2,000-000
Wed Oct 28 2020 11:12:49 GMT+0100 (Central European Standard Time),http://www.unibo.it/it/didattica/corsi-di-studio/corso/2019/8842,1,A01-000
Wed Oct 28 2020 11:57:41 GMT+0100 (Central European Standard Time),http://www.unibo.it/it/didattica/corsi-di-studio/corso/2019/8615,2,000-000
